{
  "Calculadora" : {
    "transaction" : "Calculadora",
    "sampleCount" : 35000,
    "errorCount" : 114,
    "errorPct" : 0.3257143,
    "meanResTime" : 3857.5248857143056,
    "medianResTime" : 36.0,
    "minResTime" : 1.0,
    "maxResTime" : 140583.0,
    "pct1ResTime" : 13002.500000000022,
    "pct2ResTime" : 43582.30000000001,
    "pct3ResTime" : 74536.99,
    "throughput" : 222.10376687988628,
    "receivedKBytesPerSec" : 3108.801830987759,
    "sentKBytesPerSec" : 26.59158419081252
  },
  "Personas" : {
    "transaction" : "Personas",
    "sampleCount" : 35000,
    "errorCount" : 0,
    "errorPct" : 0.0,
    "meanResTime" : 37.81605714285699,
    "medianResTime" : 33.0,
    "minResTime" : 1.0,
    "maxResTime" : 237.0,
    "pct1ResTime" : 48.0,
    "pct2ResTime" : 92.0,
    "pct3ResTime" : 134.0,
    "throughput" : 222.2942032023068,
    "receivedKBytesPerSec" : 2740.253639670623,
    "sentKBytesPerSec" : 26.918438669029335
  },
  "KO" : {
    "transaction" : "KO",
    "sampleCount" : 35000,
    "errorCount" : 0,
    "errorPct" : 0.0,
    "meanResTime" : 175.24359999999908,
    "medianResTime" : 35.0,
    "minResTime" : 1.0,
    "maxResTime" : 26879.0,
    "pct1ResTime" : 76.0,
    "pct2ResTime" : 138.0,
    "pct3ResTime" : 8456.730000000043,
    "throughput" : 222.2095245351059,
    "receivedKBytesPerSec" : 77.90353448056938,
    "sentKBytesPerSec" : 28.861198010907316
  },
  "Total" : {
    "transaction" : "Total",
    "sampleCount" : 140000,
    "errorCount" : 114,
    "errorPct" : 0.08142857,
    "meanResTime" : 1030.156135714282,
    "medianResTime" : 33.0,
    "minResTime" : 1.0,
    "maxResTime" : 140583.0,
    "pct1ResTime" : 103.0,
    "pct2ResTime" : 245.95000000000073,
    "pct3ResTime" : 73722.98000000001,
    "throughput" : 888.3474199852787,
    "receivedKBytesPerSec" : 6000.8993897965365,
    "sentKBytesPerSec" : 110.0890117174611
  },
  "Diablo" : {
    "transaction" : "Diablo",
    "sampleCount" : 35000,
    "errorCount" : 0,
    "errorPct" : 0.0,
    "meanResTime" : 50.04000000000025,
    "medianResTime" : 44.0,
    "minResTime" : 1.0,
    "maxResTime" : 287.0,
    "pct1ResTime" : 63.0,
    "pct2ResTime" : 117.0,
    "pct3ResTime" : 172.0,
    "throughput" : 222.22645510708142,
    "receivedKBytesPerSec" : 76.82437998819024,
    "sentKBytesPerSec" : 27.778306888385174
  }
}