{
  "contactos pagina" : {
    "transaction" : "contactos pagina",
    "sampleCount" : 415,
    "errorCount" : 0,
    "errorPct" : 0.0,
    "meanResTime" : 93.55180722891566,
    "medianResTime" : 98.0,
    "minResTime" : 10.0,
    "maxResTime" : 206.0,
    "pct1ResTime" : 146.40000000000003,
    "pct2ResTime" : 168.0,
    "pct3ResTime" : 187.83999999999997,
    "throughput" : 129.44479101684342,
    "receivedKBytesPerSec" : 209.58931983000625,
    "sentKBytesPerSec" : 36.40634747348721
  },
  "Total" : {
    "transaction" : "Total",
    "sampleCount" : 2778,
    "errorCount" : 0,
    "errorPct" : 0.0,
    "meanResTime" : 899.0050395968327,
    "medianResTime" : 110.0,
    "minResTime" : 6.0,
    "maxResTime" : 3505.0,
    "pct1ResTime" : 2886.2,
    "pct2ResTime" : 3195.0999999999995,
    "pct3ResTime" : 3446.21,
    "throughput" : 402.7254276601914,
    "receivedKBytesPerSec" : 24651.077248387213,
    "sentKBytesPerSec" : 133.3483493856915
  },
  "api contactos" : {
    "transaction" : "api contactos",
    "sampleCount" : 1256,
    "errorCount" : 0,
    "errorPct" : 0.0,
    "meanResTime" : 1877.6449044586,
    "medianResTime" : 2226.5,
    "minResTime" : 12.0,
    "maxResTime" : 3505.0,
    "pct1ResTime" : 3223.8999999999996,
    "pct2ResTime" : 3371.2999999999997,
    "pct3ResTime" : 3476.86,
    "throughput" : 182.08176282980574,
    "receivedKBytesPerSec" : 23129.896120252248,
    "sentKBytesPerSec" : 32.540002536967236
  },
  "contactos" : {
    "transaction" : "contactos",
    "sampleCount" : 475,
    "errorCount" : 0,
    "errorPct" : 0.0,
    "meanResTime" : 91.93894736842098,
    "medianResTime" : 70.0,
    "minResTime" : 6.0,
    "maxResTime" : 458.0,
    "pct1ResTime" : 171.40000000000003,
    "pct2ResTime" : 338.59999999999997,
    "pct3ResTime" : 455.48,
    "throughput" : 119.8284561049445,
    "receivedKBytesPerSec" : 2358.186569752775,
    "sentKBytesPerSec" : 20.94657582303229
  },
  "contactos get one" : {
    "transaction" : "contactos get one",
    "sampleCount" : 352,
    "errorCount" : 0,
    "errorPct" : 0.0,
    "meanResTime" : 111.63636363636364,
    "medianResTime" : 101.0,
    "minResTime" : 13.0,
    "maxResTime" : 208.0,
    "pct1ResTime" : 173.0,
    "pct2ResTime" : 185.0499999999999,
    "pct3ResTime" : 196.0,
    "throughput" : 122.73361227336123,
    "receivedKBytesPerSec" : 150.54044630404465,
    "sentKBytesPerSec" : 22.173552998605302
  },
  "contactos update" : {
    "transaction" : "contactos update",
    "sampleCount" : 280,
    "errorCount" : 0,
    "errorPct" : 0.0,
    "meanResTime" : 61.86785714285717,
    "medianResTime" : 65.5,
    "minResTime" : 9.0,
    "maxResTime" : 103.0,
    "pct1ResTime" : 85.0,
    "pct2ResTime" : 89.94999999999999,
    "pct3ResTime" : 98.57,
    "throughput" : 113.63636363636363,
    "receivedKBytesPerSec" : 16.867897727272727,
    "sentKBytesPerSec" : 175.33735795454547
  }
}